	SAMPLE ID	GROUP	shannon	simpson	observed	chao1
0	SMPL100	AstReg	2.0997330991800918	0.6308251098168915	24	29.25
1	SMPL101	AstReg	2.2121893959344896	0.5902680798475374	96	124.11111111111111
2	SMPL102	AstReg	1.529867470366788	0.3742180081583538	81	98.0
3	SMPL103	AstReg	1.0270954510036983	0.3210143660533058	50	67.5
4	SMPL104	AstReg	2.098039187444153	0.48940193777020036	71	74.92857142857143
5	SMPL105	AstReg	3.5613603043005293	0.8576929824650121	72	85.6
6	SMPL106	AstReg	3.07390043403141	0.7580083013674245	119	144.0909090909091
7	SMPL107	AstReg	2.59279066223077	0.6859408964283574	31	53.75
8	SMPL108	AstReg	3.078672425246715	0.8175036649603395	45	64.5
9	SMPL109	AstReg	3.0410704507173953	0.7154813957475994	71	106.1
10	SMPL110	AstReg	0.2628081342435553	0.06250453514381538	7	8.0
11	SMPL111	AstReg	2.38753348999896	0.5415469554557772	69	86.27272727272728
12	SMPL112	AstReg	2.707781763491532	0.6614620880007768	64	72.07692307692308
13	SMPL113	AstReg	2.927451224964519	0.845679012345679	9	10.5
14	SMPL114	AstReg	2.6321602871462866	0.6877135163826481	56	68.36363636363636
15	SMPL115	AstReg	3.7067843390851754	0.8557626405938584	85	94.42857142857143
16	SMPL116	AstReg	1.6951141728598438	0.44410249714226546	46	93.5
17	SMPL117	AstReg	3.3102452576218675	0.7962670711033505	120	133.9090909090909
18	SMPL118	AstReg	1.9233747692624783	0.4579628276925576	40	55.166666666666664
19	SMPL119	AstReg	2.040223928941852	0.6666666666666667	6	7.0
20	SMPL120	AstReg	3.503852084122327	0.8538350755110427	61	101.0
21	SMPL121	AstReg	2.184860289010598	0.6295670731207539	105	114.75
22	SMPL122	AstReg	0.28358213307209024	0.06494070860682222	11	16.0
23	SMPL123	AstReg	2.2946058204841338	0.5799202524971611	44	57.125
24	SMPL124	AstReg	4.085621023964951	0.8954057764524923	88	95.0909090909091
25	SMPL125	AstReg	3.783362284731254	0.8357769644368866	82	88.875
26	SMPL126	AstReg	2.6591343946920745	0.6616684185863908	37	46.75
27	SMPL127	AstReg	3.217746585112017	0.689448773189234	124	134.46153846153845
28	SMPL128	AstReg	2.651322629290766	0.7202130366706166	100	128.875
29	SMPL129	AstReg	2.938860403315654	0.6999676538085883	81	112.23076923076923
30	SMPL130	AstReg	3.862884228623985	0.8807099797075282	107	126.0
31	SMPL131	AstReg	3.115374549060823	0.7400479726488993	59	63.2
32	SMPL132	AstReg	2.832082127371441	0.6762378325641463	95	99.875
33	SMPL133	AstReg	0.5608251769947301	0.1844444444444444	3	3.0
34	SMPL134	AstReg	0.4128549669281119	0.08366330343506012	44	55.375
35	SMPL135	AstReg	2.2751703547731945	0.6983471074380165	8	13.0
36	SMPL136	AstReg	2.8262276290457478	0.6033173066743769	114	121.5
37	SMPL137	AstReg	2.808861292052801	0.6775890268887905	74	100.25
38	SMPL138	AstReg	1.7095590658580893	0.4642960774072522	25	27.0
39	SMPL139	AstReg	1.763910488496815	0.48345933367058525	45	58.125
40	SMPL140	AstReg	2.1258201568478707	0.5539671479477066	41	67.0
41	SMPL141	AstReg	3.077426089585707	0.8355387523629489	12	30.0
42	SMPL142	AstReg	3.5043867783344687	0.815023800570594	86	97.66666666666667
43	SMPL143	AstReg	0.44076227510245763	0.10236671330096836	34	51.5
44	SMPL144	AstReg	1.975062134286506	0.5665118243243243	24	28.666666666666668
45	SMPL145	AstReg	2.2590764746668808	0.5859586424894101	49	73.0
46	SMPL146	AstReg	1.9163381995437472	0.49552573510914333	33	41.666666666666664
47	SMPL147	AstReg	0.5916727785823274	0.24489795918367352	2	2.0
48	SMPL148	AstReg	1.8352021023653666	0.6332886095614717	9	10.5
49	SMPL149	AstReg	0.2511582258576092	0.056635130334306005	28	35.5
50	SMPL15	AstReg	2.5961040144334104	0.637561960831502	105	113.75
51	SMPL150	AstReg	0.8631205685666311	0.40816326530612246	2	2.0
52	SMPL151	AstReg	2.7730954918414135	0.7440451140476391	16	23.5
53	SMPL152	AstReg	1.9276624533813604	0.6124260355029586	10	20.5
54	SMPL154	KokReg	1.8291126553659964	0.5860229054178144	35	53.33333333333333
55	SMPL155	KokReg	2.3474681520228247	0.6405631153679243	70	94.0
56	SMPL156	KokReg	2.0235713951248946	0.45647572378415313	75	98.21428571428572
57	SMPL157	KokReg	2.4850835004792318	0.627503304752514	102	132.0
58	SMPL158	KokReg	3.592828089880514	0.8247929919516209	89	104.0
59	SMPL159	KokReg	1.622131909829098	0.41893395182709847	61	72.0
60	SMPL16	AstReg	3.3296968817193475	0.8280528558100078	77	107.6
61	SMPL160	KokReg	3.6401421302535457	0.8451308956620756	95	112.14285714285714
62	SMPL161	KokReg	2.7741964336574183	0.6879066630202726	52	61.0
63	SMPL162	KokReg	3.0411639966950754	0.7581607780558283	94	107.15384615384616
64	SMPL163	KokReg	2.895791233716776	0.7544258521831941	89	103.25
65	SMPL164	KokReg	3.6060635855213654	0.8515853719026022	79	88.0
66	SMPL165	KokReg	1.9741270756447913	0.5172531976211543	122	147.58823529411765
67	SMPL166	KokReg	2.221251836004466	0.736111111111111	6	12.0
68	SMPL167	KokReg	2.02439758536802	0.4739492388318105	69	72.0
69	SMPL168	KokReg	3.356947861264587	0.8435848964010558	78	85.5
70	SMPL169	KokReg	3.0065869241180994	0.7806586290176927	92	107.0
71	SMPL17	AstReg	2.2811656435966596	0.6326661874108204	52	67.0
72	SMPL170	KokReg	1.6949688939203502	0.4373911240962399	89	94.57142857142857
73	SMPL171	KokReg	2.3378131586620587	0.5864246511935463	30	48.2
74	SMPL172	KokReg	3.999326310133317	0.8837872291386799	114	151.8
75	SMPL173	KokReg	1.850029888865251	0.4694738637610981	66	75.42857142857143
76	SMPL174	KokReg	3.4453967386463136	0.7880143202610571	70	90.0
77	SMPL175	KokReg	2.9065126859735946	0.7110141994843755	129	148.0
78	SMPL176	KokReg	2.218437210664321	0.7256235827664399	7	10.0
79	SMPL177	KokReg	1.9374632046614773	0.49932577055973115	74	84.11111111111111
80	SMPL178	KokReg	1.140450540004687	0.3198271079881658	17	20.0
81	SMPL179	KokReg	2.980474999263579	0.8225806451612903	14	21.0
82	SMPL18	AstReg	-0.0	0.0	1	1.0
83	SMPL180	KokReg	2.8350869526996783	0.6823924636139413	119	136.1
84	SMPL181	KokReg	2.9967908711119557	0.7744875857996392	94	113.0
85	SMPL182	KokReg	2.1080393055976137	0.49906627410117843	113	134.11111111111111
86	SMPL183	KokReg	3.4244357662897893	0.8059219696154645	110	147.5
87	SMPL184	KokReg	3.5513925509113617	0.8377093042855296	98	113.6
88	SMPL185	KokReg	2.316428027970446	0.6102422873705726	82	99.0
89	SMPL186	KokReg	2.292245619384169	0.5943594073693752	98	106.57142857142857
90	SMPL187	KokReg	2.9969184712028314	0.7387365188127227	109	128.42857142857142
91	SMPL188	KokReg	2.47985987716967	0.573712527386403	111	126.8125
92	SMPL189	KokReg	2.6321443182281357	0.7592367476474775	70	85.83333333333333
93	SMPL19	AstReg	1.9608207647982858	0.5242034829556355	78	97.125
94	SMPL190	KokReg	3.3362983890469335	0.811858807638711	113	124.14285714285714
95	SMPL191	KokReg	2.6499474525173654	0.7979069360002564	37	37.25
96	SMPL192	KokReg	1.2719773566266181	0.3060105680918812	98	109.375
97	SMPL193	KokReg	1.260110447920372	0.35739982802647063	97	116.0909090909091
98	SMPL194	KokReg	1.0167809520619273	0.21745885015778554	106	121.54545454545455
99	SMPL195	KokReg	3.2254378436764446	0.8523605060339253	62	67.0
100	SMPL196	KokReg	3.3375110132538306	0.8034238468739792	98	109.14285714285714
101	SMPL197	KokReg	3.2708793891102608	0.7896440131794764	120	127.0
102	SMPL198	KokReg	2.5120354190551124	0.7440641438532738	100	109.71428571428571
103	SMPL199	KokReg	3.075016311774759	0.7607497730546224	80	87.8
104	SMPL20	AstReg	1.7020192094191775	0.43834249216612353	64	89.5
105	SMPL200	KokReg	1.6689126681445337	0.4480882350500336	34	37.5
106	SMPL201	KokReg	2.1049348937861865	0.6104028923648277	72	87.0
107	SMPL202	KokReg	2.3430016453908706	0.5791233792792427	101	113.36363636363636
108	SMPL203	KokReg	2.163030574242865	0.5269036522776624	94	103.54545454545455
109	SMPL204	KokReg	2.836070133280341	0.7685825386141263	92	107.0
110	SMPL205	KokReg	2.780056682682897	0.7549196219047446	97	116.42857142857143
111	SMPL206	KokReg	1.6021747697645095	0.4762012799283174	95	95.375
112	SMPL207	KokReg	2.6165935902518154	0.6238953017742999	97	105.25
113	SMPL208	KokReg	1.52584259386858	0.49078545796994544	93	112.0
114	SMPL209	KokReg	2.9482212088835698	0.7479683395697179	109	111.5
115	SMPL21	AstReg	2.8161674163816506	0.7030829290680922	80	99.42857142857143
116	SMPL210	KokReg	1.7863245388101763	0.431886363807776	93	96.27272727272727
117	SMPL211	KokReg	2.318976692374131	0.5513403696463255	72	94.0
118	SMPL212	KokReg	3.244348648350939	0.7902020911021309	137	150.125
119	SMPL213	KokReg	3.039298049488968	0.7526716857926039	94	94.5
120	SMPL214	KokReg	3.4617949026951877	0.812436189542831	98	105.8
121	SMPL215	KokReg	3.1154667032222787	0.8093726802071489	77	84.0909090909091
122	SMPL216	KokReg	3.002582103782192	0.8024355071302676	17	35.0
123	SMPL217	KokReg	2.712700466099198	0.6738845449591615	77	80.4375
124	SMPL218	KokReg	3.36190219502529	0.7846053372602968	82	95.6
125	SMPL219	KokReg	3.0139645005471647	0.7804364450650354	92	95.23529411764706
126	SMPL22	AstReg	2.6473067249148277	0.634247195266342	85	109.42857142857143
127	SMPL220	KokReg	3.8426233072004177	0.8379135073956908	122	123.36363636363636
128	SMPL221	KokReg	3.5462701869433544	0.8135503527243422	111	118.5
129	SMPL222	KokReg	3.203509612633803	0.7235491635646403	114	119.83333333333333
130	SMPL223	KokReg	2.155667682250557	0.5559941861345364	49	50.90909090909091
131	SMPL224	KokReg	1.0268739998541516	0.2615131092848846	108	110.5
132	SMPL225	KokReg	2.779027707019827	0.8205128205128205	10	12.0
133	SMPL226	KokReg	1.2814402831962415	0.2853704608521639	72	77.0
134	SMPL227	KokReg	2.9042087298052097	0.648006611570248	44	48.5
135	SMPL228	KokReg	2.908150805917995	0.7715837448214676	110	131.08333333333334
136	SMPL229	KokReg	2.1284742044611797	0.5466552140460372	81	85.58333333333333
137	SMPL23	AstReg	1.8799649487271113	0.6419753086419753	5	11.0
138	SMPL230	KokReg	2.0949508524585987	0.6626554953959187	78	81.6
139	SMPL231	KokReg	4.24821473459828	0.8969942655327009	120	120.71428571428571
140	SMPL232	KokReg	2.7011294935510173	0.7234094696598373	18	19.2
141	SMPL233	KokReg	2.49249261130044	0.673875981775968	90	97.8
142	SMPL234	KokReg	3.110294009932221	0.7669237572093945	149	156.5
143	SMPL235	KokReg	3.254648722035105	0.8544958345303073	16	16.25
144	SMPL236	KokReg	4.146173794452686	0.9150700250075635	39	39.90909090909091
145	SMPL237	KokReg	0.8993576736435583	0.18686354584274778	109	118.16666666666667
146	SMPL238	KokReg	2.0649565200119655	0.5176273586060658	90	93.75
147	SMPL239	KokReg	3.4936619331892107	0.8470868832835375	117	130.6
148	SMPL24	AstReg	2.35606335615026	0.5522582339507183	76	88.0
149	SMPL240	KokReg	2.0925984944188527	0.5967850185696388	103	108.2
150	SMPL241	KokReg	1.2471170223896608	0.3003439457297771	105	108.46153846153847
151	SMPL242	KokReg	2.3628791081476375	0.6512431649585063	26	27.11111111111111
152	SMPL243	KokReg	3.031320296972122	0.7503784102087966	93	93.25
153	SMPL244	KokReg	2.2271710319492137	0.5802556999556052	56	57.42857142857143
154	SMPL245	KokReg	3.2692452109654666	0.7860960651948217	67	69.8
155	SMPL246	KokReg	3.3904330099800553	0.8127720192751751	40	40.142857142857146
156	SMPL247	KokReg	3.1223456756848074	0.8157910224911958	80	81.42857142857143
157	SMPL248	KokReg	3.9964855596732196	0.8900604782001984	103	109.0
158	SMPL249	KokReg	1.9240831298485344	0.6085714285714285	10	13.333333333333334
159	SMPL25	AstReg	2.277996388882878	0.5634267558477258	75	83.75
160	SMPL250	KokReg	1.8592093756925123	0.46591315895838137	59	60.666666666666664
161	SMPL251	KokReg	3.6269001078889738	0.8298501999362347	69	78.1
162	SMPL252	KokReg	2.2774551998484855	0.6800845798418044	11	11.333333333333334
163	SMPL253	KokReg	1.3108890021617465	0.3102926002236224	24	27.333333333333332
164	SMPL254	KokReg	2.380721717326201	0.5668348087712609	109	111.1
165	SMPL255	KokReg	2.8368490201150074	0.7188798476454294	24	33.333333333333336
166	SMPL257	SemReg	2.0632094955500024	0.496497581796697	115	138.0
167	SMPL258	SemReg	4.3344814127168245	0.8881357125807067	130	145.54545454545453
168	SMPL259	SemReg	3.1454186696653608	0.7802601324662631	141	163.89473684210526
169	SMPL26	AstReg	2.6253564208446933	0.6559847259935594	99	114.3
170	SMPL260	SemReg	1.6491293500825472	0.506936879692035	72	87.83333333333333
171	SMPL261	SemReg	0.16306781475970483	0.02974521161471666	58	112.375
172	SMPL262	SemReg	1.1677630023416403	0.2932916190042256	84	105.23076923076923
173	SMPL263	SemReg	2.6365511987612376	0.6405587747502007	130	140.2
174	SMPL264	SemReg	1.332339941544818	0.3236025611534614	100	156.1
175	SMPL265	SemReg	3.6955124966678663	0.8255364599615198	145	156.4
176	SMPL266	SemReg	3.695958523890666	0.804017664203768	67	94.14285714285714
177	SMPL267	SemReg	0.19102935528929116	0.03809551458847449	13	18.25
178	SMPL268	SemReg	1.9663419134657258	0.6513277991256012	29	50.0
179	SMPL269	SemReg	3.0972966362099386	0.7721429273642254	121	140.71428571428572
180	SMPL27	AstReg	1.5	0.625	3	3.5
181	SMPL270	SemReg	2.7525372147055447	0.7426853083318143	59	74.0
182	SMPL271	SemReg	0.10544659803404709	0.016886046974569857	69	100.9090909090909
183	SMPL272	SemReg	3.262578613191842	0.7681387141724525	131	142.33333333333334
184	SMPL273	SemReg	3.0815014288101006	0.7556787850550286	72	73.0
185	SMPL274	SemReg	2.9744383836467434	0.7082257979937284	132	155.0
186	SMPL275	SemReg	2.166807739259973	0.5347953776249545	113	123.0
187	SMPL276	SemReg	1.8216186982493439	0.5137858561724649	97	107.0
188	SMPL277	SemReg	1.5577417719231992	0.4151258187507826	72	91.25
189	SMPL278	SemReg	1.5820899205670347	0.5411019931596298	111	157.3125
190	SMPL279	SemReg	0.13477458578078783	0.02310671690380317	36	49.125
191	SMPL28	AstReg	2.1033731943837735	0.4864742827024736	82	110.5
192	SMPL280	SemReg	1.2020547647920001	0.3790620485091678	88	117.25
193	SMPL281	SemReg	1.837324487142426	0.4369919641625791	121	191.3
194	SMPL282	SemReg	1.5570270742940533	0.42634762053898556	79	92.6
195	SMPL283	SemReg	1.8198126511046513	0.5173521738050192	94	123.25
196	SMPL284	SemReg	2.869687855590116	0.6947571487150748	116	139.88235294117646
197	SMPL285	SemReg	3.2833641356832146	0.8123063645595694	99	114.11111111111111
198	SMPL286	SemReg	3.6533297018399855	0.8686727881866476	90	107.0
199	SMPL287	SemReg	0.14929554158478361	0.031039984621299643	8	13.0
200	SMPL288	SemReg	2.1148261682338303	0.5890396580334234	110	140.0
201	SMPL289	SemReg	2.0160287061630977	0.5677167219943535	103	157.0
202	SMPL29	AstReg	1.091267710019791	0.38527284681130824	4	4.0
203	SMPL290	SemReg	1.1277839706773456	0.43052645708609616	26	33.5
204	SMPL291	SemReg	1.1337121995251584	0.3610042579958388	15	36.0
205	SMPL292	SemReg	2.2384555711336094	0.5794302245304476	105	110.6875
206	SMPL293	SemReg	2.210288245071209	0.5221370326140724	116	124.57142857142857
207	SMPL294	SemReg	0.10615158364183203	0.01754923595198543	38	72.2
208	SMPL295	SemReg	2.6559089393528663	0.6788200482329021	125	191.42857142857144
209	SMPL296	SemReg	1.8461575666081362	0.5773866608880601	79	89.55555555555556
210	SMPL297	SemReg	1.4386596611190376	0.39237176615017877	100	116.15384615384616
211	SMPL298	SemReg	0.5630639365792292	0.16775239381426266	55	78.33333333333333
212	SMPL299	SemReg	3.333538891515817	0.7898891381246733	94	121.14285714285714
213	SMPL30	AstReg	1.9732285161344472	0.659279778393352	6	7.5
214	SMPL300	SemReg	1.9341756000249908	0.5874572740845637	63	80.14285714285714
215	SMPL301	SemReg	2.7935586401869337	0.6811009180739599	98	104.5
216	SMPL302	SemReg	1.4484593916637587	0.49470461938785426	36	45.42857142857143
217	SMPL303	SemReg	1.7474179542933932	0.4633278271570169	104	129.2
218	SMPL304	SemReg	3.269178850720445	0.7718251944319444	130	147.0
219	SMPL305	SemReg	2.769499540760511	0.6414641568692863	134	146.36363636363637
220	SMPL306	SemReg	1.6580200837685861	0.4800272269308762	77	94.27272727272728
221	SMPL307	SemReg	1.8811145674832506	0.5094161241960731	89	119.0
222	SMPL308	SemReg	2.2981618354757694	0.6210357357789407	100	133.21428571428572
223	SMPL309	SemReg	1.7954278386991862	0.5677471144309696	92	111.46153846153845
224	SMPL31	AstReg	2.937193208607594	0.8392857142857143	10	12.0
225	SMPL310	SemReg	2.5994411815377814	0.7390343619169772	108	159.0
226	SMPL311	SemReg	3.8233890238823838	0.8533355783007422	110	124.25
227	SMPL312	SemReg	3.202401640864632	0.7514624476741647	117	122.6875
228	SMPL313	SemReg	2.7123417393006384	0.634590867282683	126	147.08333333333334
229	SMPL314	SemReg	2.608195404809035	0.6236168908330519	97	107.0
230	SMPL315	SemReg	2.94666504570015	0.7459144403308784	76	87.66666666666667
231	SMPL316	SemReg	3.9820027631362187	0.8950534453187046	114	129.3
232	SMPL317	SemReg	3.2722805707523257	0.8341194937740688	82	95.6
233	SMPL318	SemReg	2.776238680292327	0.7254517069246756	81	105.42857142857143
234	SMPL319	SemReg	0.6803673227709005	0.15960633855189632	50	92.75
235	SMPL32	AstReg	3.342571691404645	0.8395542376338305	97	128.66666666666666
236	SMPL33	AstReg	2.5018703951884564	0.6385444128470322	89	110.11111111111111
237	SMPL339	UstNis	2.7767052293305845	0.7315089318024264	80	117.5
238	SMPL34	AstReg	3.3569968353718664	0.8367444642225477	41	45.666666666666664
239	SMPL340	UstNis	2.0321553502429497	0.5239084035703137	62	71.54545454545455
240	SMPL341	UstNis	3.9356417300831086	0.882106162252315	92	105.57142857142857
241	SMPL342	UstNis	2.4796541840765216	0.7315157808507875	50	56.111111111111114
242	SMPL343	UstNis	2.9328794907745586	0.798076436276705	68	87.0909090909091
243	SMPL344	UstNis	3.117882465593188	0.8419363602801955	62	83.375
244	SMPL345	UstNis	3.1317798194908133	0.8400668796640096	82	116.5
245	SMPL346	UstNis	0.8397496112735247	0.2038905790992257	28	40.0
246	SMPL347	UstNis	2.363428780699532	0.571806496035166	88	101.0
247	SMPL348	UstNis	2.6080570300124983	0.7346908497306859	56	113.75
248	SMPL349	UstNis	3.320785976558344	0.8137701011076981	82	87.5
249	SMPL35	AstReg	1.89667435682672	0.4594699086340267	74	87.0
250	SMPL350	UstNis	2.995455183704065	0.7622999612516816	74	80.875
251	SMPL351	UstNis	2.3573345160419694	0.6735710148171922	55	81.0
252	SMPL352	UstNis	1.862710053209455	0.6184779992283653	48	95.5
253	SMPL353	UstNis	2.390198322952165	0.6349674910340108	68	76.66666666666667
254	SMPL354	UstNis	2.62158496659065	0.6759936976764718	93	120.08333333333333
255	SMPL355	UstNis	1.6072048163158974	0.4256820684521684	40	70.33333333333333
256	SMPL356	UstNis	2.927676373172032	0.8104605603521634	45	48.111111111111114
257	SMPL357	UstNis	2.962233414027703	0.780697869509797	80	125.11111111111111
258	SMPL358	UstNis	2.747179717077312	0.6699188715303089	71	83.36363636363636
259	SMPL359	UstNis	1.7381410581827228	0.4907099965301749	81	90.71428571428571
260	SMPL36	AstReg	2.754018973858014	0.6536659139786467	104	116.0
261	SMPL360	UstNis	1.9205543565705203	0.5280929113556971	69	76.85714285714286
262	SMPL361	UstNis	1.9501873352175219	0.5052190191995776	58	75.14285714285714
263	SMPL362	UstNis	1.2467773715048134	0.3659446963608388	55	60.07692307692308
264	SMPL363	UstNis	2.700076043351502	0.6246835503824502	80	86.11111111111111
265	SMPL364	UstNis	2.510818783166001	0.6019134621267459	87	115.11111111111111
266	SMPL365	UstNis	1.8006833577485444	0.427918717356947	76	85.1
267	SMPL366	UstNis	2.220736049679764	0.6914194616399121	53	61.666666666666664
268	SMPL367	UstNis	2.5422874269757854	0.6282715932441916	80	93.9090909090909
269	SMPL368	UstNis	3.132110185155778	0.8296496326901017	61	82.375
270	SMPL369	UstNis	2.843002092695429	0.7459156321186989	57	108.0
271	SMPL37	AstReg	2.735453931323614	0.767549324613895	20	23.333333333333332
272	SMPL370	UstNis	3.221436177376247	0.8258959763823166	76	80.71428571428571
273	SMPL371	UstNis	2.829432023665003	0.7061643903951176	63	88.5
274	SMPL372	UstNis	1.6544501581592945	0.3992212399519762	86	109.33333333333333
275	SMPL373	UstNis	2.772351898808512	0.6768280889298741	100	121.0
276	SMPL374	UstNis	2.4502196664259164	0.6917791821074173	62	86.42857142857143
277	SMPL375	UstNis	2.59907587506131	0.6073373710641397	117	133.15384615384616
278	SMPL376	UstNis	1.7353201374184481	0.3913672467749473	106	142.14285714285714
279	SMPL377	UstNis	1.9552373920331858	0.4340719857147858	99	116.0
280	SMPL378	UstNis	2.4827796392817247	0.6205569218816409	93	110.5
281	SMPL379	UstNis	2.833125939852723	0.6541382348915799	95	111.86666666666667
282	SMPL38	AstReg	1.8434206073892678	0.44047068819683066	61	74.0
283	SMPL380	UstNis	2.7925875367502555	0.672836311942886	104	123.46153846153845
284	SMPL381	UstNis	3.133051598146261	0.8292068231404959	71	113.75
285	SMPL382	UstNis	0.11207114042268702	0.020843887946863426	15	27.0
286	SMPL383	UstNis	2.04749007712287	0.4882816682418466	78	97.0
287	SMPL384	UstNis	2.483551818476758	0.6406381814874147	82	90.5
288	SMPL385	UstNis	0.12425188435177066	0.022487803977798815	24	33.42857142857143
289	SMPL386	UstNis	1.772173100549388	0.568085459839322	56	63.09090909090909
290	SMPL387	UstNis	3.646357342639645	0.8210962790124837	97	108.33333333333333
291	SMPL388	UstNis	2.3033848401745503	0.6492453793064277	64	79.54545454545455
292	SMPL389	UstNis	2.1551593363514217	0.6224963675335193	75	102.27272727272728
293	SMPL39	AstReg	2.8841074743646566	0.7617226591725564	90	91.66666666666667
294	SMPL390	UstNis	3.5766729503211736	0.8664526015206317	90	103.125
295	SMPL391	UstNis	3.7530499586888117	0.8659150161976463	86	99.33333333333333
296	SMPL392	UstNis	3.0865977262162323	0.8227461390670575	79	115.14285714285714
297	SMPL393	UstNis	3.1071750047968583	0.8381318888455993	54	81.2
298	SMPL394	UstNis	0.5332863003306154	0.12237043560181982	19	37.0
299	SMPL396	UstNis	2.5255444636730227	0.6344798115394104	78	84.6
300	SMPL397	UstNis	2.185275939752844	0.5121624934405313	59	62.0
301	SMPL398	UstNis	1.6328420822749694	0.37914893296903585	110	113.21428571428571
302	SMPL399	UstNis	1.5424783251444658	0.5650886086807223	44	49.25
303	SMPL40	AstReg	3.119470434765889	0.835098	28	46.33333333333333
304	SMPL400	UstNis	1.936841113160487	0.5823409257332255	18	30.0
305	SMPL401	UstNis	1.4764641034494046	0.5021547144472117	16	21.6
306	SMPL402	UstNis	1.8928724696488906	0.4804007300806896	122	134.0
307	SMPL405	UstReg	1.5166513319891892	0.351638524163263	46	48.333333333333336
308	SMPL406	UstReg	2.196238293133465	0.6344005519590141	26	26.75
309	SMPL407	UstReg	1.9196146351409593	0.638806772373018	8	8.0
310	SMPL408	UstReg	1.7923310672263844	0.4932174973327237	11	14.0
311	SMPL409	UstReg	2.421336890034487	0.586177714964102	56	57.36363636363637
312	SMPL41	AstReg	-0.0	0.0	1	1.0
313	SMPL410	UstReg	2.3962568205780315	0.5981621900826446	53	54.5
314	SMPL411	UstReg	2.6626857724794033	0.7377324263038549	18	18.25
315	SMPL412	UstReg	2.43248908246467	0.6643415178571428	19	20.2
316	SMPL413	UstReg	1.919750875786667	0.4912568387471862	18	19.5
317	SMPL414	UstReg	2.247439834061661	0.5575337843065005	69	70.15384615384616
318	SMPL415	UstReg	1.68558905842356	0.4573410191151688	33	36.333333333333336
319	SMPL416	UstReg	1.3172685904596706	0.5426257261393441	72	79.0909090909091
320	SMPL417	UstReg	2.6975955722961826	0.6811843032912656	67	67.83333333333333
321	SMPL418	UstReg	2.426410261451692	0.6105418132105676	34	34.42857142857143
322	SMPL419	UstReg	1.6357788070769286	0.4997115147600064	34	36.0
323	SMPL42	AstReg	2.908446894922969	0.8110092559629762	16	16.2
324	SMPL420	UstReg	1.6762049956501357	0.4060670653283034	71	73.33333333333333
325	SMPL421	UstReg	1.6701038046596008	0.5631481481481482	12	17.0
326	SMPL426	UstReg	3.075000464349425	0.8263713121994524	30	31.2
327	SMPL427	UstReg	2.2257185951344374	0.6681083956216232	19	19.428571428571427
328	SMPL428	UstReg	0.5832465580753584	0.12509052700786472	93	98.07692307692308
329	SMPL429	UstReg	1.6948825808696435	0.47783950617283943	16	18.5
330	SMPL43	AstReg	2.7142168674112415	0.7055406733139904	80	103.1
331	SMPL430	UstReg	2.5546788389600614	0.6973225872549689	22	22.0
332	SMPL431	UstReg	2.099148726482548	0.5480526234279333	99	105.875
333	SMPL432	UstReg	2.550168796183585	0.6589446131780012	108	113.0
334	SMPL433	UstReg	2.011268052856289	0.6125614189387332	70	73.5
335	SMPL434	UstReg	1.992913055310574	0.6545138888888888	11	18.5
336	SMPL435	UstReg	1.923608246768326	0.5047594626816101	82	86.5
337	SMPL436	UstReg	2.4700300954117322	0.5862204019318565	45	45.27272727272727
338	SMPL437	UstReg	1.342092569211087	0.44345877621373164	10	10.0
339	SMPL438	UstReg	1.512713642533076	0.3875804572850522	36	43.5
340	SMPL439	UstReg	1.6919454744972517	0.4901479289940829	17	24.0
341	SMPL44	AstReg	1.5766020962400618	0.45860230934277546	76	85.75
342	SMPL440	UstReg	2.680638344071287	0.6290265525260148	57	57.857142857142854
343	SMPL441	UstReg	1.320496966693908	0.4556292781989112	10	12.0
344	SMPL442	UstReg	1.6302248516719118	0.3968935151367584	23	28.0
345	SMPL443	UstReg	1.1447391059334426	0.3166162570888468	13	16.0
346	SMPL444	UstReg	3.273016177062676	0.8172083015588545	44	45.42857142857143
347	SMPL445	UstReg	3.2957582431640686	0.8345470343158168	122	123.75
348	SMPL446	UstReg	1.7695943615050291	0.6469428007889546	5	5.0
349	SMPL447	UstReg	2.6635007384824356	0.7226757369614513	17	19.0
350	SMPL448	UstReg	2.386290255208599	0.7165761898750158	20	27.0
351	SMPL449	UstReg	2.179477500993031	0.6705872952897353	22	22.5
352	SMPL45	AstReg	1.584962500721156	0.6666666666666667	3	6.0
353	SMPL46	AstReg	0.6398474462750238	0.139353664572597	77	89.0
354	SMPL47	AstReg	1.8873323002092577	0.5196291934595747	69	107.0
355	SMPL48	AstReg	3.089983976155927	0.7302814110186286	39	52.125
356	SMPL49	AstReg	1.2655400545237017	0.32555862776428235	79	98.0
357	SMPL50	AstReg	1.328150392982823	0.3683642727889257	42	55.0
358	SMPL51	AstReg	1.9262117138015227	0.5795918367346939	8	8.75
359	SMPL52	AstReg	2.189283393014031	0.5537552121568841	61	78.0
360	SMPL53	AstReg	2.979794714378647	0.7444418809268639	64	68.23076923076923
361	SMPL54	AstReg	-0.0	0.0	1	1.0
362	SMPL55	AstReg	1.8919954870390203	0.6745562130177514	5	8.0
363	SMPL56	AstReg	1.6644977792004614	0.6122448979591837	4	7.0
364	SMPL57	AstReg	1.2846993345931492	0.3467809001268992	91	116.5
365	SMPL58	AstReg	2.5072498604020437	0.6140659233099552	74	98.0
366	SMPL59	AstReg	2.2474463708082975	0.5506322316851724	79	106.6
367	SMPL60	AstReg	2.4494028473860796	0.6563555509734126	40	49.166666666666664
368	SMPL61	AstReg	2.4453644029317205	0.7224489795918367	12	19.5
369	SMPL62	AstReg	2.2241142816148143	0.5541338351738792	113	128.3
370	SMPL63	AstReg	3.4388550503846496	0.810065168441486	49	55.111111111111114
371	SMPL64	AstReg	0.9537854513328128	0.23355755250772203	62	84.0
372	SMPL65	AstReg	2.104348400942656	0.5053917473648091	85	108.75
373	SMPL66	AstReg	2.8902357225526667	0.7341974471623756	69	87.2
374	SMPL67	AstReg	-0.0	0.0	1	1.0
375	SMPL68	AstReg	2.9485080727070665	0.7562121158307245	99	108.23076923076923
376	SMPL69	AstReg	3.3258285067497337	0.8274439617209324	106	115.1
377	SMPL70	AstReg	3.603945777853239	0.8361782853404507	109	124.3
378	SMPL72	AstReg	1.3787834934861756	0.5714285714285714	3	3.0
379	SMPL73	AstReg	1.2987949406953987	0.53125	3	3.0
380	SMPL74	AstReg	3.0033957214254436	0.7384102340526999	68	114.2
381	SMPL75	AstReg	0.5034131461231409	0.14091755710224485	5	5.0
382	SMPL76	AstReg	1.7600839884298556	0.462412481925381	38	53.0
383	SMPL77	AstReg	-0.0	0.0	1	1.0
384	SMPL78	AstReg	1.2772018112022605	0.46366782006920404	4	5.0
385	SMPL79	AstReg	1.340775020317754	0.4521616188596784	25	32.0
386	SMPL80	AstReg	0.8290996768624211	0.23344132231404957	9	12.0
387	SMPL81	AstReg	1.2869663085422298	0.3137649188204087	52	82.6
388	SMPL82	AstReg	1.1782741989496854	0.41759999999999997	5	5.5
389	SMPL83	AstReg	1.8881112325210696	0.5669061098764517	63	74.66666666666667
390	SMPL84	AstReg	1.4456323328186786	0.5494214876033058	5	6.0
391	SMPL85	AstReg	2.770202307016275	0.7473763344254486	63	74.0
392	SMPL86	AstReg	1.8855972896730455	0.45155348072724477	66	85.42857142857143
393	SMPL87	AstReg	2.45311500557286	0.756198347107438	8	10.0
394	SMPL88	AstReg	2.2904235189108593	0.559239550057369	82	134.5
395	SMPL89	AstReg	2.301716812662341	0.6098408242037161	60	88.5
396	SMPL90	AstReg	2.342311090661818	0.7166130525376255	80	98.2
397	SMPL91	AstReg	2.165878331608822	0.5901611425283059	35	51.5
398	SMPL92	AstReg	2.1669776602800286	0.56755140072197	50	54.666666666666664
399	SMPL93	AstReg	1.3350216134216937	0.36647054740025553	28	29.0
400	SMPL94	AstReg	2.2820457928946514	0.5914230510763062	64	74.9090909090909
401	SMPL95	AstReg	1.1224350248188928	0.33464824570703666	18	33.0
402	SMPL96	AstReg	1.786486308516812	0.5154277863796581	68	83.0
403	SMPL97	AstReg	2.3778455149776216	0.621926309141368	51	54.6
404	SMPL98	AstReg	2.907634791271155	0.7160968765545344	69	74.14285714285714
405	SMPL99	AstReg	2.4779964750253165	0.6422093865398918	84	93.16666666666667
